title,description,prerequisites,prereq_text
MATH 0399 - Support for Precalculus,Practicum for Learning Support students enrolled in MATH 1113 (Precalculus).,[],
MATH 0999 - Support for MATH 1111,"This Learning Support course provides corequisite support in mathematics for students enrolled in MATH 1111 â€“ College Algebra. Topics will parallel topics being studied in MATH 1111 and the course will provide support for the essential quantitative skills needed to be successful in MATH 1111. Taken with MATH 1111, this course provides an in-depth study of the properties of algebraic, exponential and logarithmic functions as needed for calculus. Emphasis is on using algebraic and graphical techniques for solving problems involving linear, quadratic, piece-wise defined, rational, polynomial, exponential and logarithmic functions.",[],
MATH 1111 - College Algebra,"This course provides an in-depth study of the properties of algebraic, exponential and logarithmic functions as needed for calculus. Emphasis is on using algebraic and graphical techniques for solving problems involving linear, quadratic, piece-wise defined, rational, polynomial, exponential and logarithmic functions.",[],Learning Support Math 2 3 or MATH 0099
MATH 1113 - Pre-calculus,"This course is an intensive study of the basic functions needed for the study of calculus. Topics include algebraic, functional, and graphical techniques for solving problems with algebraic, exponential, logarithmic, and trigonometric functions and their inverses. May only be used for degree credit with departmental approval.",['MATH 1111'],MATH 1111 or SAT Mathematics 500 or MATH SECTION SCORE 530 or ACT Math 21
MATH 1501 - Calculus I,Differential calculus and basic integral calculus including the fundamental theorem of calculus. Credit not allowed for both MATH 1501 and 1712.,['MATH 1113'],MATH 1113 or SAT Mathematics 600 or Converted ACT Math 600
MATH 1503 - Calculus I For Life Sci,"Differential and basic calculus: sequences, difference equations, limits, continuity, differentiation, integration, applications.  The topics parallel those of MATH 1501 with applications from life sciences.",['MATH 1113'],SAT Mathematics 600 or Converted ACT Math 600 or MATH 1113
MATH 1504 - Calculus II For Life Sci,"Taylor approximations, introduction to differential equations, linear algebra, and introduction to multivariable calculus.  Motivating examples drawn from life sciences.","['MATH 1501', 'MATH 1503', 'MATH 1511']",MATH 1503 or MATH 1501 or MATH 1511 or MATH 15X1 or SAT Mathematics 600 or Converted ACT Math 600
MATH 1512 - Honors Calculus II,The topics covered parallel those of 1502 with a somewhat more intensive and rigorous treatment.  Credit not allowed for both honors calculus and the corresponding regular calculus course.  Credit not allowed for both MATH 1512 and MATH 1522.  Credit not allowed for both MATH 1512 and MATH 15X2.,"['MATH 1501', 'MATH 1511']",MATH 1501 or MATH 1511
MATH 1550 - Intro to Diff Calculus,"An introduction to differential calculus including applications and the underlying theory of limits for functions and sequences. Credit not awarded for both MATH 1550 and MATH 1501, MATH 1551, or MATH 1503.",['MATH 1113'],(MATH 1113 or MATH 11X3 ) or SAT Mathematics 600 or MATH SECTION SCORE 620 or ACT Math 26
MATH 1551 - Differential Calculus,"Differential calculus including applications and the underlying theory of limits for functions and sequences. Credit not awarded for both MATH 1551 and MATH 1501, MATH 1503, or MATH 1550.",['MATH 1113'],(MATH 1113 or MATH 11X3 ) or SAT Mathematics 600 or MATH SECTION SCORE 620 or Converted ACT Math 600 or ACT Math 26
MATH 1552 - Integral Calculus,"Integral calculus: Definite and indefinite integrals, techniques of integration, improper integrals, infinite series, applications. Credit not awarded for both MATH 1552 and MATH 1502, MATH 1504, MATH 1512 or MATH 1555.","['MATH 1501', 'MATH 1551', 'MATH 1550']",MATH 1550 or MATH 1551 or MATH 1501 or MATH 15X1 or MATH 1X51
MATH 1553 - Intro to Linear Algebra,"An introduction to linear alegbra including eigenvalues and eigenvectors, applications to linear systems, least squares. Credit not awarded for both MATH 1553 and MATH 1522, MATH 1502, MATH 1504, MATH 1512, MATH 1554 or MATH 1564.","['MATH 1551', 'MATH 1113']",(MATH 1113 or MATH 11X3 ) or SAT Mathematics 600 or MATH SECTION SCORE 620 or Converted ACT Math 600 or ACT Math 26 or MATH 15X1 or MATH 1X51 or MATH 1551
MATH 1554 - Linear Algebra,"Linear algebra eigenvalues, eigenvectors, applications to linear systems, least squares, diagnolization, quadratic forms.","['MATH 1552', 'MATH 1551', 'MATH 1113']",(MATH 1113 or MATH 11X3 ) or ACT Math 26 or SAT Mathematics 600 or MATH SECTION SCORE 620 or Converted ACT Math 600 or MATH 1552 or MATH 15X2 or MATH 1X52 or MATH 1551
MATH 1555 - Calculus Life Sciences,"Overview of intergral calculus, multivariable calculus, and differential equations for biological sciences. Credit not awarded for both MATH 1555 and MATH 1552, MATH 1502, MATH 1504, MATH 1512 or MATH 2550.","['MATH 1501', 'MATH 1551', 'MATH 1550']",MATH 1550 or MATH 1551 or MATH 1501 or MATH 1X51 or MATH 15X1 or MATH 1X54
MATH 1564 - LinAlg w Abstract Vec Sp,"This is an intensive first course in linear algebra including the theories of linear transformations and abstract vector spaces. Credit not awarded for both MATH 1564 and MATH 1553, MATH 1554, MATH 1522, MATH 1502, MATH 1504 or MATH 1512.",['MATH 1552'],Math: Calculus AB 5 or Math: Calculus BC 5 or MATH 1552
MATH 1601 - Intro to Higher Math,This course is designed to teach problem solving and proof writing.  Mathematical subject matter is drawn from elementary number theory and geometry.,"['MATH 1501', 'MATH 1511']",MATH 1501 or MATH 1511 or MATH 15X1
MATH 1711 - Finite Mathematics,"Linear equations, matrices, linear programming, sets and counting, probability and statistics.",['MATH 1113'],SAT Mathematics 550 or MATH SECTION SCORE 570 or Converted ACT Math 550 or (MATH 1113 or MATH 11X3 ) or ACT Math 24
MATH 1712 - Survey of Calculus,"Techniques of differentiation, integration, application of integration to probability and statistics, multidimensional calculus. Credit not allowed for both MATH 1712 and 1501.",['MATH 1113'],(MATH 1113 or MATH 11X3 ) or SAT Mathematics 550 or MATH SECTION SCORE 570 or Converted ACT Math 550 or ACT Math 24
MATH 1803 - Special Topics,Courses on special topics of current interest in Mathematics.,[],
MATH 2106 - Foundations Math Proof,"An introduction to proofs in advanced mathematics, intended as a transition to upper division courses including Abstract Algebra I and Analysis I.","['MATH 1512', 'MATH 1552', 'MATH 1554', 'MATH 1555', 'MATH 1502', 'MATH 1504', 'MATH 1564', 'MATH 1522', 'MATH 1553']",MATH 1502 or MATH 1512 or MATH 1504 or MATH 1555 or ( (MATH 1552 or MATH 15X2 or MATH 1X52 ) and (MATH 1553 or MATH 1X54 or MATH 1554 or MATH 1564 or MATH 1522 or MATH 1X53 ) )
MATH 2406 - Abstract Vector Spaces,"A proof-based development of linear algebra and vector spaces, with additional topics such as multilinear algebra and group theory.","['MATH 1512', 'MATH 1522', 'MATH 1502']",MATH 1502 or MATH 1512 or (MATH 15X2 and MATH 1522 )
MATH 2550 - Intro Multivariable Calc,"Vectors in three dimensions, curves in space, functions of several variables, partial derivatives, optimization, integration of functions of several variables. Vector Calculus not covered. Credit will not be awarded for both MATH 2550 and MATH 2605 or MATH 2401 or MATH 2551 or MATH 1555.","['MATH 1512', 'MATH 1552', 'MATH 1554', 'MATH 1502', 'MATH 1564', 'MATH 1522', 'MATH 1553']",MATH 1502 or MATH 1512 or ( (MATH 1552 or MATH 15X2 or MATH 1X52 ) and (MATH 1553 or MATH 1X54 or MATH 1554 or MATH 1564 or MATH 1522 or MATH 1X53 ) )
MATH 2551 - Multivariable Calculus,"Multivariable calculus: Linear approximation and Taylor's theorems, Lagrange multiples and constrained optimization, multiple integration and vector analysis including the theorems of Green, Gauss, and Stokes. Credit will not be awarded for both MATH 2551 and MATH 2401 or MATH 2411 or MATH 2561.","['MATH 1512', 'MATH 1552', 'MATH 1554', 'MATH 1555', 'MATH 1502', 'MATH 1504', 'MATH 1564', 'MATH 1522', 'MATH 1553']",MATH 1502 or MATH 1512 or MATH 1504 or MATH 1555 or ( (MATH 1552 or MATH 15X2 or MATH 1X52 ) and (MATH 1553 or MATH 1X54 or MATH 1554 or MATH 1564 or MATH 1522 or MATH 1X53 ) )
MATH 2552 - Differential Equations,Methods for obtaining numerical and analytic solutions of elementary differential equations. Applications are also discussed with an emphasis on modeling. Credit not awarded for both MATH 2552 and MATH 2403 or MATH 2413 or MATH 2562.,"['MATH 1512', 'MATH 1552', 'MATH 1554', 'MATH 1555', 'MATH 1502', 'MATH 1504', 'MATH 1564', 'MATH 1522', 'MATH 1553']",MATH 1502 or MATH 1512 or MATH 1504 or MATH 1555 or ( (MATH 1552 or MATH 15X2 or MATH 1X52 ) and (MATH 1553 or MATH 1X54 or MATH 1554 or MATH 1564 or MATH 1522 or MATH 1X53 ) )
MATH 2561 - Honors Multivar Calculus,The topics covered parallel those of MATH 2551 with a somewhat more intensive and rigorous treatment. Credit not awarded for both MATH 2561 and MATH 2401 or MATH 2411 or MATH 2551.,"['MATH 1512', 'MATH 1552', 'MATH 1554', 'MATH 1555', 'MATH 1502', 'MATH 1504', 'MATH 1564', 'MATH 1522', 'MATH 1553']",MATH 1502 or MATH 1512 or MATH 1504 or MATH 1555 or ( (MATH 1552 or MATH 15X2 or MATH 1X52 ) and (MATH 1553 or MATH 1X54 or MATH 1554 or MATH 1564 or MATH 1522 or MATH 1X53 ) )
MATH 2562 - Honors Differential Eqs,The topics covered parallel those of MATH 2552 with a somewhat more intensive and rigorous treatment.,"['MATH 1512', 'MATH 1552', 'MATH 1554', 'MATH 1555', 'MATH 1502', 'MATH 1504', 'MATH 1564', 'MATH 1522', 'MATH 1553']",MATH 1502 or MATH 1512 or MATH 1504 or MATH 1555 or ( (MATH 1552 or MATH 15X2 or MATH 1X52 ) and (MATH 1553 or MATH 1X54 or MATH 1554 or MATH 1564 or MATH 1522 or MATH 1X53 ) )
MATH 2603 - Intro Discrete Math,"Mathematical logic and proof, mathematical induction, counting methods, recurrence relations, algorithms and complexity, graph theory and graph algorithms. Credit not awarded for both MATH 2603 and MATH 2602.","['MATH 1512', 'MATH 1552', 'MATH 1555', 'MATH 1502', 'MATH 1504']",MATH 1502 or MATH 1512 or MATH 1504 or MATH 1555 or MATH 1552 or MATH 15X2 or MATH 1X52
MATH 2605 - Calc III for Comput Sci,"Topics in linear algebra and multivariate calculus and their applications in optimization and numerical methods, including curve fitting, interpolation, and numerical differentiation and integration.","['MATH 1512', 'MATH 1552', 'MATH 1554', 'MATH 1555', 'MATH 1502', 'MATH 1504', 'MATH 1564', 'MATH 1522', 'MATH 1553']",MATH 1502 or MATH 1512 or MATH 1504 or MATH 1555 or ( (MATH 1552 or MATH 15X2 or MATH 1X52 ) and (MATH 1553 or MATH 1X54 or MATH 1554 or MATH 1564 or MATH 1522 or MATH 1X53 ) )
MATH 2801 - Special Topics,Courses on special topics of current interest in mathematics.,[],
MATH 2802 - Special Topics,Courses on special topics of current interest in mathematics.,[],
MATH 2803 - Special Topics,Courses on special topics of current interest in mathematics.,[],
MATH 2804 - Special Topics,Courses on special topics of current interest in mathematics.,[],
MATH 2805 - Special Topics,Courses on special topics of current interest in mathematics.,[],
MATH 3012 - Applied Combinatorics,"Elementary combinatorial techniques used in discrete problem solving: counting methods, solving linear recurrences, graph and network models, related algorithms, and combinatorial designs.","['MATH 1512', 'MATH 1552', 'MATH 1554', 'MATH 1555', 'MATH 1502', 'MATH 1504', 'MATH 1564', 'MATH 1522', 'MATH 1553']",MATH 1502 or MATH 1512 or MATH 1504 or MATH 1555 or ( (MATH 1552 or MATH 15X2 or MATH 1X52 ) and (MATH 1553 or MATH 1554 or MATH 1X54 or MATH 1564 or MATH 1522 or MATH 1X53 ) )
MATH 3022 - Honors App Combinatorics,Topics are parallel to those of MATH 3012 with a more rigorous and intensive treatment. Credit is not allowed for both MATH 3012 and 3022.,"['MATH 1512', 'MATH 1552', 'MATH 1554', 'MATH 1555', 'MATH 1502', 'MATH 1504', 'MATH 1564', 'MATH 1522', 'MATH 1553']",MATH 1502 or MATH 1512 or MATH 1504 or MATH 1555 or ( (MATH 1552 or MATH 15X2 or MATH 1X52 ) and (MATH 1553 or MATH 1X54 or MATH 1554 or MATH 1564 or MATH 1522 or MATH 1X53 ) )
MATH 3215 - Probability & Statistics,"This course is a problem-oriented introduction to the basic concepts of probability and statistics, providing a foundation for applications and further study.","['MATH 2401', 'MATH 2551', 'MATH 2550', 'MATH 2561', 'MATH 2411', 'MATH 2605']",MATH 2401 or MATH 2411 or MATH 24X1 or MATH 2605 or MATH 2551 or MATH 2561 or MATH 2550 or MATH 2X51
MATH 3225 - Honors Prob & Statistics,"The topics covered parallel those of MATH 3215, with a more rigorous and intensive treatment.  Credit is not allowed for both MATH 3215 and 3225.","['MATH 2401', 'MATH 2551', 'MATH 2550', 'MATH 2561', 'MATH 2411', 'MATH 2605']",MATH 2401 or MATH 2411 or MATH 2605 or MATH 24X1 or MATH 2551 or MATH 2561 or MATH 2550 or MATH 2X51
MATH 3235 - Probability Theory,"This course is a mathematical introduction to probability theory, covering random variables, moments, multivariable distributions, law of large numbers, central limit theorem, and large deviations. Credit not awarded for both MATH 3235 and MATH 3215 or 3225 or 3670.","['MATH 2106', 'MATH 3012', 'MATH 2401', 'MATH 2551', 'CS 2051', 'MATH 2550', 'MATH 2561', 'MATH 2411', 'MATH 2605']",(MATH 2551 or MATH 2X51 or MATH 2561 or MATH 2401 or MATH 24X1 or MATH 2411 or MATH 2605 or MATH 2550 ) and (MATH 2106 or MATH 3012 or CS 2051 )
MATH 3236 - Statistical Theory,An introduction to theoretical statistics for students with a background in probability. A mathematical formalism for inference on experimental data will be developed. Credit not awared for both MATH 3236 and MATH 3215 or 3225 or 3670.,['MATH 3235'],MATH 3235
MATH 3406 - Second Course Linear Alg,"This course will cover important topics in linear algebra not usually discussed in a first-semester course, featuring a mixture of theory and applications.","['MATH 1512', 'MATH 1554', 'MATH 1502', 'MATH 1564', 'MATH 1522', 'MATH 1553']",MATH 1502 or MATH 1512 or MATH 1522 or MATH 1553 or MATH 1X54 or MATH 1554 or MATH 1564 or MATH 1X53
MATH 3670 - Statistics and Applns,"Introduction to probability, probability distributions, point estimation, confidence intervals, hypothesis testing, linear regression and analysis of variance. Students cannot receive credit for both MATH 3670 and MATH 3770 or ISYE 3770 or CEE 3770.","['MATH 2401', 'MATH 2551', 'MATH 2550', 'MATH 2561', 'MATH 2411', 'MATH 2605']",MATH 2401 or MATH 2411 or MATH 24X1 or MATH 2605 or MATH 2551 or MATH 2561 or MATH 2550 or MATH 2X51
MATH 3801 - Special Topics,Courses on special topics of current interest in mathematics.,[],
MATH 3802 - Special Topics,Courses on special topics of current interest in mathematics.,[],
MATH 3803 - Special Topics,Courses on special topics of current interest in mathematics.,[],
MATH 3804 - Special Topics,Courses on special topics of current interest in mathematics.,[],
MATH 3805 - Special Topics,Courses on special topics of current interest in mathematics.,[],
MATH 4012 - Coding Theory,"Introduction to linear error correcting codes with an emphasis on the algebraic tools required, including matrices vector spaces, groups, polynomial rings, and finite fields.","['MATH 1512', 'MATH 1552', 'MATH 1554', 'MATH 1555', 'MATH 1502', 'MATH 1504', 'MATH 1564', 'MATH 1522', 'MATH 1553']",MATH 1502 or MATH 1512 or MATH 1504 or MATH 1555 or ( (MATH 1552 or MATH 15X2 or MATH 1X52 ) and (MATH 1553 or MATH 1554 or MATH 1564 or MATH 1522 or MATH 1X53 ) )
MATH 4022 - Intro to Graph Theory,"The fundamentals of graph theory: trees, connectivity, Euler torus, Hamilton cycles, matchings, colorings, and Ramsey theory.","['MATH 3022', 'MATH 3012']",MATH 3012 or MATH 3022
MATH 4032 - Combinatorial Analysis,"Combinatorial problem-solving techniques including the use of generating functions, recurrence relations, Polya theory, combinatorial designs, Ramsey theory, matroids, and asymptotic analysis.","['MATH 3022', 'MATH 3012']",MATH 3012 or MATH 3022
MATH 4080 - Senior Project I,The first of a two-course sequence of faculty-directed independent research culminating in the writing of a senior thesis and its presentation.,[],
MATH 4090 - Senior Project II,The second course of a two-course sequence of faculty-directed independent research culminating in the writing of a senior thesis and its presentation.,[],
MATH 4107 - Abstract Algebra I,"This course develops in the theme of ""Arithmetic congruence and abstract algebraic structures"". Strong emphasis on theory and proofs.",['MATH 2106'],MATH 2106
MATH 4108 - Abstract Algebra II,"Continuation of Abstract Algebra I, with emphasis on Galois theory, modules, polynomial fields, and the theory of linear associative algebra.",['MATH 4107'],MATH 4107
MATH 4150 - Intro To Number Theory,"Primes and unique factorization, congruences, Chinese remainder theorem, Diophantine equations, Diophantine approximations, quadratic reciprocity.  Applications such as fast multiplication, factorization, and encryption.","['MATH 2106', 'CS 2051', 'CS 3511', 'CS 3510', 'MATH 2406']",MATH 2106 or MATH 2406 or CS 2051 or CS 3510 or CS 3511
MATH 4210 - Mathematics of Data Sci,"Data science methods and their mathematical foundations: linear regression, classification, and clustering, kernel methods, regression trees and ensemble methods, dimension reduction.","['MATH 3215', 'MATH 3225', 'MATH 3670', 'MATH 3235']",MATH 3215 or MATH 3225 or MATH 3235 or MATH 3670
MATH 4221 - Stochastic Processes I,Simple random walk and the theory of discrete time Markov chains.,"['ISYE 3770', 'MATH 3215', 'MATH 3225', 'MATH 3235', 'MATH 3670', 'CEE 3770', 'MATH 3770']",MATH 3215 or MATH 3225 or MATH 3235 or MATH 3670 or MATH 3770 or ISYE 3770 or CEE 3770
MATH 4222 - Stochastic Processes II,"Renewal theory, Poisson processes and continuous time Markov processes, including an introduction to Brownian motion and martingales.",['MATH 4221'],MATH 4221
MATH 4255 - Monte Carlo Methods,"Probability distributions, limit laws, and applications through the computer.","['ISYE 3770', 'MATH 3215', 'MATH 3225', 'MATH 3235', 'MATH 3670', 'CEE 3770', 'MATH 3770']",MATH 3215 or MATH 3225 or MATH 3235 or MATH 3670 or MATH 3770 or ISYE 3770 or CEE 3770
MATH 4261 - Math Statistics I,"Sampling distributions, Normal, t, chi-square, and f distributions. Moment-generating function methods, Bayesian estimation, and introduction to hypothesis testing.","['ISYE 3770', 'MATH 3215', 'MATH 3225', 'MATH 3235', 'MATH 3670', 'CEE 3770', 'MATH 3770']",MATH 3215 or MATH 3225 or MATH 3235 or MATH 3670 or MATH 3770 or ISYE 3770 or CEE 3770
MATH 4262 - Math Statistics II,"Hypothesis testing, likelihood ratio tests, nonparametric tests, bivariate and multivariate normal distributions.","['MATH 4261', 'MATH 3236']",MATH 4261 or MATH 3236
MATH 4280 - Information Theory,The measurement and quantification of information.  These ideas are applied to the probabilistic analysis of the transmission of information over a channel along which random distortion of the message occurs.,"['ISYE 3770', 'MATH 3215', 'MATH 3225', 'MATH 3235', 'MATH 3670', 'CEE 3770', 'MATH 3770']",MATH 3215 or MATH 3225 or MATH 3235 or MATH 3670 or MATH 3770 or ISYE 3770 or CEE 3770
MATH 4305 - Linear Algebra,"Finite dimensional vector spaces, inner product spaces, least squares, linear transformations, the spectral theorem for normal transformations.  Applications to convex sets, positive matrices, difference equations.","['MATH 1512', 'MATH 1552', 'MATH 1554', 'MATH 1555', 'MATH 1502', 'MATH 1504', 'MATH 1564', 'MATH 1522', 'MATH 1553']",MATH 1502 or MATH 1512 or MATH 1504 or MATH 1555 or ( (MATH 1552 or MATH 15X2 or MATH 1X52 ) and (MATH 1553 or MATH 1554 or MATH 1564 or MATH 1522 or MATH 1X53 ) )
MATH 4317 - Analysis I,"Real numbers, topology of Euclidean spaces, Cauchy sequences, completeness, continuity and compactness, uniform continuity, series of functions, Fourier series.",['MATH 2106'],MATH 2106
MATH 4318 - Analysis II,"Differentiation of functions of one real variable, Riemann-Stieltjes integral, the derivative in Rn, and integration in Rn.",['MATH 4317'],MATH 4317
MATH 4320 - Complex Analysis,"Topics from complex function theory, including contour integration and conformal mapping.","['MATH 2401', 'MATH 2551', 'MATH 2550', 'MATH 2561', 'MATH 2411', 'MATH 2605']",MATH 2401 or MATH 2411 or MATH 24X1 or MATH 2605 or MATH 2551 or MATH 2561 or MATH 2550 or MATH 2X51
MATH 4347 - Partial Diff Eqns I,"Method of characteristics for first- and second-order partial differential equations, conservation laws and shocks, classification of second-order systems and applications.","['MATH 2552', 'MATH 2562', 'MATH 2551', 'MATH 2550', 'MATH 2561']",(MATH 2550 or MATH 2551 or MATH 2561 ) and (MATH 24X3 or MATH 2552 or MATH 2562 )
MATH 4348 - Partial Diff Eqns II,"Green's functions and fundamental solutions.  Potential, diffusion, and wave equations.",['MATH 4347'],MATH 4347
MATH 4431 - Introduction to Topology,"Point set topology, topological spaces and metric spaces, continuity and compactness, homotopy, and covering spaces.",['MATH 4317'],MATH 4317
MATH 4432 - Algebraic Topology,"Introduction to algebraic methods in topology. Includes homotopy, the fundamental group, covering spaces, simplicial complexes.  Applications to fixed point theory and group theory.",['MATH 4317'],MATH 4317
MATH 4441 - Differential Geometry,"The theory of curves, surfaces, and more generally, manifolds.  Curvature, parallel transport, covariant differentiation, Gauss-Bonet theorem.","['MATH 2401', 'MATH 2551', 'MATH 2550', 'MATH 2561', 'MATH 2411', 'MATH 2605']",MATH 2401 or MATH 2411 or MATH 24X1 or MATH 2605 or MATH 2551 or MATH 2561 or MATH 2550 or MATH 2X51
MATH 4541 - Dynamics& Bifurcations I,A broad introduction to the local and global behavior of nonlinear dynamical systems arising from maps and ordinary differential equations.,"['MATH 2552', 'MATH 1512', 'MATH 2562', 'MATH 2403', 'MATH 1554', 'MATH 1502', 'MATH 1564', 'MATH 1522', 'MATH 1553', 'MATH 2413']",(MATH 2403 or MATH 2413 or MATH 24X3 or MATH 2552 or MATH 2562 or MATH 2X52 ) and (MATH 1522 or MATH 1553 or MATH 1X54 or MATH 1554 or MATH 1564 or MATH 1X53 or MATH 1502 or MATH 1512 )
MATH 4542 - Dynamics&Bifurcations II,A continuation of Dynamics and Bifurcations I.,['MATH 4541'],MATH 4541
MATH 4580 - Linear Programming,"A study of linear programming problems, including the simplex method, duality, and sensitivity analysis with applications to matrix games, interger programming, and networks.","['MATH 1512', 'MATH 1522', 'MATH 1502']",MATH 1502 or MATH 1512 or (MATH 15X2 and MATH 1522 )
MATH 4581 - Math Methods in Engr,"The Laplace transform and applications, Fourier series, boundary value problems for partial differential equations.","['MATH 2552', 'MATH 2562', 'MATH 2403', 'MATH 2413', 'MATH 2605']",MATH 2403 or MATH 2413 or MATH 24X3 or MATH 2605 or MATH 2552 or MATH 2562 or MATH 2X52
MATH 4640 - Numerical Analysis I,Introduction to numerical algorithms for some basic problems in computational mathematics.  Discussion of both implementation issues and error analysis.,"['MATH 2552', 'MATH 2562', 'MATH 2403', 'MATH 2602', 'MATH 2603', 'MATH 2413', 'MATH 2605']",MATH 2403 or MATH 2413 or MATH 24X3 or MATH 2602 or MATH 2605 or MATH 2552 or MATH 2562 or MATH 2X52 or MATH 2603
MATH 4641 - Numerical Analysis II,Introduction to the numerical solution of initial and boundary value problems in differential equations.,['MATH 4640'],MATH 4640
MATH 4755 - Mathematical Biology,Problems from the life sciences and the mathematical methods for solving them are presented.  The underlying biological and mathematical principles and the interrelationships are emphasized. Crosslisted with BIOL 4755.,"['MATH 1512', 'MATH 1546', 'MATH 1552', 'MATH 1554', 'MATH 1555', 'MATH 1502', 'MATH 1504', 'MATH 1522', 'MATH 1553']",MATH 1502 or MATH 1512 or MATH 1504 or MATH 1555 or ( (MATH 1552 or MATH 15X2 or MATH 1X52 ) and (MATH 1553 or MATH 1554 or MATH 1546 or MATH 1522 or MATH 1X53 ) )
MATH 4777 - Vector&Parallel Sci Comp,"Scientific computational algorithms on vector and parallel computers. Speed-up and algorithm complexity, interprocesses communication, synchronization, modern algorithms for linear systems, programming techniques, code optimization. Crosslisted with CS 4777.","['MATH 1512', 'MATH 1552', 'MATH 1554', 'MATH 1555', 'MATH 1502', 'MATH 1504', 'MATH 1564', 'MATH 1522', 'MATH 1553']",MATH 1502 or MATH 1512 or MATH 1504 or MATH 1555 or ( (MATH 1552 or MATH 15X2 or MATH 1X52 ) and (MATH 1553 or MATH 1554 or MATH 1564 or MATH 1522 or MATH 1X53 ) )
MATH 4782 - Quantum Info&Quant Comp,"Introduction to quantum computing and quantum information theory, formalism of quantum mechanics, quantum gates, algorithms, measurements, coding, and information. Physical realizations and experiments. Crosslisted with PHYS 4782.","['MATH 2401', 'MATH 2551', 'MATH 2550', 'MATH 2561', 'MATH 2411', 'MATH 2605']",MATH 2401 or MATH 24X1 or MATH 2411 or MATH 2605 or MATH 2551 or MATH 2561 or MATH 2550 or MATH 2X51
MATH 4801 - Special Topics,Courses on special topics of current interest in mathematics.,[],
MATH 4802 - Special Topics,Courses on special topics of current interest in mathematics.,[],
MATH 4803 - Special Topics,Courses on special topics of current interest in mathematics.,[],
MATH 4804 - Special Topics,Courses on special topics of current interest in mathematics.,[],
MATH 4805 - Special Topics,Courses on special topics of current interest in mathematics.,[],
MATH 4873 - Special Topics,This course enables the school of Mathematics to comply with requests for courses in selected topics.,[],
MATH 6001 - Intro to Graduate Math,"This course covers practical information helping students start their careers as a professional mathematician. It also satisfies the Georgia Tech RCR requirements for ""in-person"" training.",[],
MATH 6014 - Graph Theory,"Fundamentals, connectivity, matchings, colorings, extremal problems, Ramsey theory, planar graphs, perfect graphs. Applications to operations research and the design of efficient algorithms.",['MATH 4022'],MATH 4022
MATH 6021 - Topology-Euclidean Space,"Metric spaces, normed linear spaces, convexity, and separation; polyhedra and simplicial complexes; surfaces; Brouwer fixed point theorem.","['MATH 2406', 'MATH 4305', 'MATH 4317']",MATH 4317 and (MATH 2406 or MATH 4305 )
MATH 6112 - Advanced Linear Algebra,An advanced course in Linear Algebra and applications.,['MATH 4305'],MATH 4305
MATH 6121 - Algebra I,"Graduate-level linear and abstract algebra including groups, finite fields, classical matrix groups and bilinear forms, multilinear algebra, and matroids. First of two courses.","['MATH 4107', 'MATH 4305', 'MATH 2406']",MATH 4107 and (MATH 2406 or MATH 4305 )
MATH 6122 - Algebra II,"Graduate-level linear and abstract algebra including rings, fields, modules, some algebraic number theory and Galois theory. Second of two courses.",['MATH 6121'],MATH 6121
MATH 6221 - Prob Theory for Sci/Eng,"Classical introduction to probability theory including expectation, notions of convergence, laws of large numbers, independence, large deviations, conditional expectation, martingales, and Markov chains.",['MATH 4221'],MATH 4221
MATH 6235 - Stoch Process-Finance II,"Advanced mathematical modeling of financial markets, derivative securities pricing, and portfolio optimization. Concepts from advanced probability and mathematics are introduced as needed.","['MATH 2403', 'MATH 6759', 'ISYE 6759']",MATH 2403 and (ISYE 6759 or MATH 6759 )
MATH 6241 - Probability I,"Develops the probability basis requisite in modern statistical theories and stochastic processes.  Topics of this course include measure and integration foundations of probability, distribution functions, convergence concepts, laws of large numbers, and central limit theory. First of two courses.","['MATH 6327', 'MATH 6337']",MATH 6327 or MATH 6337
MATH 6242 - Probability II,"Develops the probability basis requisite in modern statistical theories and stochastic processes.  Topics of this course include results for sums of independent random variables, Markov processes, martingales, Poisson processes, Brownian motion, conditional probability and conditional expectation, and topics from ergodic theory.  Second of two classes.",['MATH 6241'],MATH 6241
MATH 6262 - Statistical Estimation,"Basic theories of statistical estimation, including optimal estimation in finite samples and asymptotically optimal estimation.  A careful mathematical treatment of the primary techniques of estimation utilized by statisticians.",['MATH 4262'],MATH 4262
MATH 6263 - Testing Stat Hypotheses,"Basic theories of testing statistical hypotheses, including a thorough treatment of testing in exponential class families.  A careful mathematical treatment of the primary techniques of hypothesis testing utilized by statisticians.",['MATH 4262'],MATH 4262
MATH 6266 - Linear Statistical Model,"Basic unifying theory underlying techniques of regression, analysis of variance and covariance, from a geometric point of view.  Modern computational capabilities are exploited fully.  Students apply the theory to real data through canned and coded programs.","['MATH 3215', 'MATH 3225']",MATH 3215 or MATH 3225
MATH 6267 - Multivariate Stat Analy,"Multivariate normal distribution theory, correlation and dependence analysis, regression and prediction, dimension-reduction methods, sampling distributions and related inference problems, selected applications in classification theory, multivariate process control, and pattern recognition.",['MATH 4262'],MATH 4262
MATH 6307 - Ordinary Diff Eqns I,"This sequence develops the qualitative theory for systems of ordinary differential equations. Topics include stability, Lyapunov functions, Floquet theory, attractors, invariant manifolds, bifurcation theory, normal forms. First of two courses.",['MATH 4542'],MATH 4542
MATH 6308 - Ordinary Diff Eqns II,"This sequence develops the qualitative theory for systems of differential equations. Topics include stability, Lyapunov functions, Floquet theory, attractors, invariant manifolds, bifurcation theory, and normal forms.  Second of two courses.",['MATH 6307'],MATH 6307
MATH 6321 - Complex Analysis,"Complex integration, including Goursat's theorem; classification of singularities, the argument principle, the maximum principle; Riemann Mapping theorem; analytic continuation and Riemann surfaces; range of an analytic function, including Picard's theorem.","['MATH 4320', 'MATH 4317']",MATH 4317 and MATH 4320
MATH 6337 - Real Analysis I,"Lebesgue measure and integration, differentiation, abstract measure theory. Credit cannot be received for both MATH 6337 and MATH 6579.",[],
MATH 6338 - Real Analysis II,"Continuation of MATH 6337.  L^p and Hilbert spaces, introduction to operator theory and functional analysis.",['MATH 4318'],MATH 4318
MATH 6341 - Partial Diff Eqns I,Introduction to the mathematical theory of partial differential equations covering the basic linear models of science and exact solution techniques.,['MATH 4318'],MATH 4318
MATH 6342 - Partial Diff Eqns II,This course covers the general mathematical theory of linear stationary and evolution problems plus selected topics chosen from the instructor's interests.,['MATH 6341'],MATH 6341
MATH 6421 - Algebraic Geometry I,"The study of zero sets of polynomials: algebraic varieties, regular and rational mappings, the Zariski topology.","['MATH 4107', 'MATH 6121']",MATH 4107 and MATH 6121
MATH 6422 - Algebraic Geometry II,A continuation of Algebraic Geometry I.,['MATH 6421'],MATH 6421
MATH 6441 - Algebraic Topology I,Simplicial homology.  Chain complexes and acyclic carriers. Simplicial approximation.  The exact homology sequence. Maps of spheres. Mayer-Vietoris sequence.,"['MATH 4107', 'MATH 6451', 'MATH 4431']",MATH 4107 and (MATH 4431 or MATH 6451 )
MATH 6442 - Algebraic Topology II,Continuation of MATH 6441. Singular homology.  Local homology and manifolds. CW complexes.  Cohomology. Duality in manifolds.,['MATH 6441'],MATH 6441
MATH 6451 - General Topology,"Introduction to topological and metric spaces. Continuity, compactness, convergence, completion.  Product and quotient spaces.  Elementary homotopy.","['MATH 4431', 'MATH 4317']",MATH 4317 or MATH 4431
MATH 6452 - Differential Topology,Manifolds. Differentiable structures.  Tangent bundles. Embeddings and immersions.  Maps on manifolds. Transversality.  Morse-Sard Theorem. Vector bundles.,"['MATH 6451', 'MATH 4431']",MATH 4431 or MATH 6451
MATH 6453 - Geometric Topology,"Characteristic classes, Morse theory, three-manifolds, four-manifolds, symplectic and contact manifolds, knot theory.","['MATH 6452', 'MATH 6455', 'MATH 6441']",MATH 6441 or MATH 6452 or MATH 6455
MATH 6455 - Differential Geometry I,"Core topics in differential, including: Lie groups, curvature, and relations with topology.",['MATH 4441'],MATH 4441
MATH 6456 - Differential Geometry II,Introduces students to topics of current interest in geometry.,['MATH 6455'],MATH 6455
MATH 6514 - Industrial Math I,"Applied mathematics techniques to solve real-world problems. Topics include mathematical modeling, asymptotic analysis, differential equations and scientific computation.  Prepares the student for MATH 6515.","['MATH 2602', 'MATH 2403', 'MATH 4640']",(MATH 2403 or MATH 2602 ) and MATH 4640
MATH 6579 - Measure Th for Engineers,An introduction to measure theory and Lebesgue integration with a focus on topics that tend to be of the most utility in,[],
MATH 6580 - Hibert Spaces for Sci/Engr,"Structure of linear operators in infinite dimensional spaces, applications.","['MATH 2403', 'MATH 4305', 'MATH 2406']",MATH 2403 and (MATH 2406 or MATH 4305 )
MATH 6583 - Integral Eqns&Transforms,"Volterra and Fredholm linear integral equations; relation to differential equations; solution methods; Fourier, Laplace, and Mellin transforms; applications to boundary value problems and integral equations.","['MATH 2406', 'MATH 2403', 'MATH 4305', 'MATH 6701']",MATH 6701 or (MATH 2406 and MATH 2403 ) or (MATH 2403 and MATH 4305 )
MATH 6584 - Special Functions,"Gamma function; exponential function; orthogonal polynomials; Bessel, Legendre, and hypergeometric functions; application to singular ordinary differential equations; and separation of variables for partial differential equations.",['MATH 4320'],MATH 4320
MATH 6635 - Numerical Meth-Finance,Basic numerical and simulation techniques used in the pricing of derivative securities and in related problems in finance. Some programming experience required.,"['MATH 3215', 'MATH 2403', 'MATH 3225']",MATH 2403 and (MATH 3215 or MATH 3225 )
MATH 6640 - Num Meth-Part Diff Eqns,"Introduction to the implementation and analysis of numerical algorithms for the numerical solution of the classic partial differential equations of science and engineering. Must have knowledge of a computer programming language, familiarity with partial differential equations and elements of scientific computing.","['MATH 4640', 'MATH 4347']",MATH 4347 and MATH 4640
MATH 6641 - Adv Num Meth-Pt Diff Eqn,"Analysis and implementation of numerical methods for nonlinear partial differential equations including elliptic, hyperbolic, and/or parabolic problems. Must have knowledge of classic linear partial differential equations and exposure to numerical methods for partial differential equations at the level of MATH 6640 or numerical linear algebra at the level of MATH 6643.",[],
MATH 6643 - Numerical Linear Algebra,"Introduction to the numerical solution of the classic problems of linear algebra including linear systems, least squares, Singular value decomposition, eigenvalue problems. Crosslisted with CSE 6643.","['MATH 4305', 'MATH 2406']",MATH 2406 or MATH 4305
MATH 6644 - Iterative Meth-Sys Eqns,"Iterative methods for linear and nonlinear systems of equations including Jacobi, G-S, SOR, CG, multigrid, Newton quasi-Newton, updating, and gradient-based methods. Crosslisted with CSE 6644.",['MATH 6643'],MATH 6643
MATH 6645 - Numerical Approx Theory,"Theoretical and computational aspects of polynomial, rational, trigonometric, spline, and wavelet approximation.","['MATH 4640', 'MATH 4317']",MATH 4317 and MATH 4640
MATH 6646 - Numer Meth: Ord Diff Eqn,Analysis and implementation of numerical methods for initial and two-point boundary value problems for ordinary differential equations.,"['MATH 2403', 'MATH 4640']",MATH 2403 and MATH 4640
MATH 6647 - Numeric Meth:Dynamic Sys,Approximation of the dynamical structure of a differential equation and preservation of dynamical structure under discretization. Must be familiar with dynamical systems and numerical methods for initial and boundary value problems in ordinary differential equations.,"['MATH 4641', 'MATH 4640']",MATH 4640 and MATH 4641
MATH 6701 - Math Meth-Appli Sci I,"Review of linear algebra and ordinary differential equations, brief introduction to functions of a complex variable.","['MATH 2403', 'MATH 4305', 'MATH 2406']",MATH 2403 and (MATH 2406 or MATH 4305 )
MATH 6702 - Math Meth-Appl Sci II,Review of vector calculus and its applications to partial differential equations.,"['MATH 2406', 'MATH 2403', 'MATH 4305', 'MATH 6701']",MATH 6701 or (MATH 2406 and MATH 2403 ) or (MATH 2403 and MATH 4305 )
MATH 6705 - Modeling and Dynamics,"Mathematical methods for solving problems in the life sciences.  Models-based course on basic facts from the theory of ordinary differential equations and numerical methods of their solution.  Introduction to the control theory, diffusion theory, maximization, minimization and curve fitting.  Math majors may not use this course toward any degree in the School of Mathematics.","['MATH 1512', 'MATH 1502']",MATH 1502 or MATH 1512
MATH 6710 - Numerical Methods-CSE I,"Introduction to numerical algorithms widely used in computational science and engineering. Numerical linear algebra, linear programming, and applications. Crosslisted with CSE 6710.","['MATH 2401', 'CS 1332', 'CS 1372', 'MATH 2411', 'MATH 2605']",(MATH 2401 or MATH 2411 or MATH 2605 ) and (CS 1332 or CS 1372 )
MATH 6711 - Numerical Methods-CSE II,Efficient numerical techniques for solving partial differential equations and large-scale systems of equations arising from discretization of partial differential equations or variational problems in applications in science and engineering. Crosslisted with CSE 6711.,"['MATH 2411', 'MATH 2605', 'MATH 2401']",MATH 2401 or MATH 2411 or MATH 2605
MATH 6759 - Stoch Process-Finance I,"Mathematical modeling of financial markets, derivative securities pricing, and portfolio optimization.  Concepts from probability and mathematics are introduced as needed. Crosslisted with ISYE 6759.","['MATH 3215', 'MATH 3225']",MATH 3215 or MATH 3225
MATH 6761 - Stochastic Processes I,"Discrete time Markov chains, Poisson processes, and renewal processes. Transient and limiting behavior.  Average cost and utility measures of systems.  Algorithms for computing performance measures.  Modeling of inventories, and flows in manufacturing and computer networks. Crosslisted with ISYE 6761.","['MATH 3215', 'MATH 3225']",MATH 3215 or MATH 3225
MATH 6762 - Stochastic Processes II,"Continuous time Markov chains. Uniformization, transient and limiting behavior.  Brownian motion and martingales. Optional sampling and convergence.  Modeling of inventories, finance, flows in manufacturing and computer networks. Crosslisted with ISYE 6762","['ISYE 6761', 'MATH 6761']",MATH 6761 or ISYE 6761
MATH 6767 - Sys-Computation Finance,"Computational Finance Introduction to large scale system design to support computational finance for options, stocks, or other financial instruments. Some programming experience, and previous exposure to stocks, bonds, and options required. Crosslisted with ISYE 6767",[],
MATH 6769 - Fixed Income Securities,"Description, institutional features, and mathematical modeling of fixed income securities.  Use of both deterministic and stochastic models. Crosslisted with ISYE 6769.","['MATH 3215', 'MATH 3225', 'MGT 6060', 'MGT 6078']",MATH 3215 or MATH 3225 and (MGT 6060 or MGT 6078 )
MATH 6783 - Financial Data Analysis,Fundamentals of statistical inference for models used in the modern analysis of financial data. Crosslisted with ISYE 6783.,"['MATH 3215', 'MATH 3225']",MATH 3215 or MATH 3225
MATH 6785 - The Practice of QCF,"Case studies, visiting lecturers from financial institutions, student group projects of an advanced nature, and student reports, all centered around quantitative and computational finance. Crosslisted with ISYE and MGT 6785.",[],
MATH 6793 - Adv Topics in QCF,Advanced foundational material and analysis techniques in quantitative and computational finance. Crosslisted with ISYE 6793.,[],
MATH 7012 - Enumerative Combinatoric,"Fundamental methods of enumeration and asymptotic analysis, including the use of inclusion/exclusion, generating functions, and recurrence relations.  Applications to strings over a finite alphabet and graphs.",['MATH 4032'],MATH 4032
MATH 7014 - Advanced Graph Theory,Advanced topics in graph theory.  Selection of arguments varies every year.,['MATH 6014'],MATH 6014
MATH 7016 - Combinatorics,"Fundamental combinatorial structures including hypergraphs, transversal sets, colorings, Sperner families, intersecting families, packings and coverings, perfect graphs, and Ramsey theory.  Algebraic and topological methods, applications.",['MATH 4022'],MATH 4022
MATH 7018 - Probab Combinatorics,"Applications of probabilistic techniques in discrete mathematics, including classical ideas using expectation and variance as well as modern tools, such as martingale and correlation inequalities.","['MATH 6221', 'MATH 4022']",MATH 4022 and MATH 6221
MATH 7244 - Stochastic Calculus I,An introduction to the Ito stochastic calculus and stochastic differential equations through a development of continuous-time martingales and Markov processes. First of two courses.,['MATH 6242'],MATH 6242
MATH 7245 - Stochastic Calculus II,An introduction to the Ito stochastic calculus and stochastic differential equations through a development of continuous-time martingales and Markov processes. Continuation of MATH 7244.,['MATH 7244'],MATH 7244
MATH 7251 - High-Dim Probability,The goal of this PhD level graduate course is to provide a rigorous introduction to the methods of high-dimensional probability.,[],
MATH 7252 - High-Dim Statistics,The goal of this PhD level graduate course is to provide a rigorous introduction to the methods of high-dimensional statistics,[],
MATH 7337 - Harmonic Analysis,Fourier analysis on the torus and Euclidean space.,"['MATH 6327', 'MATH 6337']",MATH 6327 or MATH 6337
MATH 7338 - Functional Analysis,"Spectral theory of bounded and unbounded operators, major theorems of functional analysis, additional topics.","['MATH 6338', 'MATH 6337']",MATH 6337 or MATH 6338
MATH 7339 - Advanced Analysis,A comprehensive overview of advanced material in analysis. This is a Repeatable Course with 5 different subtitles;,[],
MATH 7510 - Graph Algorithms,"Algorithms for graph problems such as maximum flow, covering, matching, coloring, planarity, minimum cuts, shortest paths, and connectivity.  Crosslisted with ISYE 7510 and CS 7510.","['CS 6550', 'CS 6505']",CS 6505 or CS 6550
MATH 7581 - Calculus Variations,"Minimization of functionals, Euler-Lagrange equations, sufficient conditions for a minimum; geodesic, isoperometric, and time of transit problems; variational principles of mechanics; applications to control theory.",['MATH 4317'],MATH 4317
MATH 7586 - Tensor Analysis,"Review of linear algebra, multilinear algebra, algebra of tensors, co- and contravariant tensors, tensors in Riemann spaces, geometrical interpretation of skew tensors.","['MATH 2403', 'MATH 4305', 'MATH 2406']",MATH 2403 and (MATH 2406 or MATH 4305 )
MATH 8305 - Aural-Oral Engl for Math,"Enhancement of English listening/speaking skills for SOM international graduate students, post-docs, and new faculty who speak English as their second language (ESL) and who will be teaching undergraduate students.",[],
MATH 8306 - Intermed Academic Commun,Continued enhancement of English listening/speaking skills for current and future SOM graduate international teaching assistants and international lead instructors who speak English as their second language (ESL).,['MATH 8305'],MATH 8305
MATH 8307 - Advanced Academic Commun,Continued enhancement of English listening/speaking skills for current and future SOM graduate international teaching assistants and international lead instructors who speak English as their second language (ESL).,['MATH 8305'],MATH 8305
MATH 8801 - Special Topics,This course enables the School of Mathematics to comply with requests for courses in selected topics.,[],
MATH 8802 - Special Topics,This course enables the School of Mathematics to comply with requests for courses in selected topics.,[],
MATH 8803 - Special Topics,This course enables the School of Mathematics to comply with requests for courses in selected topics.,[],
MATH 8804 - Special Topics,This course enables the School of Mathematics to comply with requests for courses in selected topics.,[],
MATH 8805 - Special Topics,This course enables the school of Mathematics to comply with requests for courses in selected topics.,[],
MATH 8811 - Special Topics,This course enables the School of Mathematics to comply with requests for courses in selected topics.,[],
MATH 8812 - Special Topics,This course enables the School of Mathematics to comply with requests for courses in selected topics.,[],
MATH 8813 - Special Topics,This course enables the School of Mathematics to comply with requests for courses in selected topics.,[],
MATH 8814 - Special Topics,This course enables the School of Mathematics to comply with requests for courses in selected topics.,[],
MATH 8815 - Special Topics,This course enables the School of Mathematics to comply with requests for courses in selected topics.,[],
MATH 8821 - Special Topics,This course enables the School of Mathematics to comply with requests for courses in selected topics.,[],
MATH 8822 - Special Topics,This course enables the School of Mathematics to comply with requests for courses in selected topics.,[],
MATH 8823 - Special Topics,This course enables the School of Mathematics to comply with requests for courses in selected topics.,[],
MATH 8824 - Special Topics,This course enables the School of Mathematics to comply with requests for courses in selected topics.,[],
MATH 8825 - Special Topics,This course enables the School of Mathematics to comply with requests for courses in selected topics.,[],
MATH 8831 - Special Topics,This course enables the School of Mathematics to comply with requests for courses in selected topics.,[],
MATH 8832 - Special Topics,This course enables the School of Mathematics to comply with requests for courses in selected topics.,[],
MATH 8833 - Special Topics,This course enables the School of Mathematics to comply with requests for courses in selected topics.,[],
MATH 8834 - Special Topics,This course enables the School of Mathematics to comply with requests for courses in selected topics.,[],
MATH 8835 - Special Topics,This course enables the School of Mathematics to comply with requests for courses in selected topics.,[],
MATH 8841 - Special Topics,This course enables the School of Mathematics to comply with requests for courses in selected topics.,[],
MATH 8842 - Special Topics,This course enables the School of Mathematics to comply with requests for courses in selected topics.,[],
MATH 8843 - Special Topics,This course enables the School of Mathematics to comply with requests for courses in selected topics.,[],
MATH 8844 - Special Topics,This course enables the School of Mathematics to comply with requests for courses in selected topics.,[],
MATH 8845 - Special Topics,This course enables the School of Mathematics to comply with requests for courses in selected topics.,[],
MATH 8851 - Special Topics,This course enables the School of Mathematics to comply with requests for courses in selected topics.,[],
MATH 8852 - Special Topics,This course enables the School of Mathematics to comply with requests for courses in selected topics.,[],
MATH 8853 - Special Topics,This course enables the school of Mathematics to comply with requests for courses in selected topics.,[],
MATH 8854 - Special Topics,This course enables the School of Mathematics to comply with requests for courses in selected topics.,[],
MATH 8855 - Special Topics,This course enables the School of Mathematics to comply with requests for courses in selected topics.,[],
MATH 8863 - Topics in Graph Theory,Selection of topics vary with each offering.,['MATH 6014'],MATH 6014
MATH 8873 - Special Topics,This course enables the school of Mathematics to comply with requests for courses in selected topics.,[],
